,delivery,batsman,bowler,extras_dict,non_striker,runs_dict,wicket_dict,wides,noballs,legbyes,byes,penalty,kind,player_out,fielders,runs,extras,total,team,city,date,gender,match_type,neutral_venue,winner,winType,winMargin,result,resultHow,resultTeam,non_boundary,ManOfMatch,overs,team1,team2,tossWinner,tossDecision,venue
0,0.1,GC Smith,CS MacLeod,0,JH Kallis,"{'batsman': 0, 'extras': 0, 'total': 0}",0,0.0,0.0,0.0,0,0,0,0,0,0,0,0,South Africa,London,2009-06-07,male,T20,1,South Africa,runs,130,0,0,0,0,AB de Villiers,20,Scotland,South Africa,Scotland,field,Kennington Oval
1,0.2,GC Smith,CS MacLeod,0,JH Kallis,"{'batsman': 0, 'extras': 0, 'total': 0}",0,0.0,0.0,0.0,0,0,0,0,0,0,0,0,South Africa,London,2009-06-07,male,T20,1,South Africa,runs,130,0,0,0,0,AB de Villiers,20,Scotland,South Africa,Scotland,field,Kennington Oval
2,0.3,GC Smith,CS MacLeod,0,JH Kallis,"{'batsman': 0, 'extras': 0, 'total': 0}",0,0.0,0.0,0.0,0,0,0,0,0,0,0,0,South Africa,London,2009-06-07,male,T20,1,South Africa,runs,130,0,0,0,0,AB de Villiers,20,Scotland,South Africa,Scotland,field,Kennington Oval
3,0.4,GC Smith,CS MacLeod,0,JH Kallis,"{'batsman': 0, 'extras': 0, 'total': 0}",0,0.0,0.0,0.0,0,0,0,0,0,0,0,0,South Africa,London,2009-06-07,male,T20,1,South Africa,runs,130,0,0,0,0,AB de Villiers,20,Scotland,South Africa,Scotland,field,Kennington Oval
4,0.5,GC Smith,CS MacLeod,0,JH Kallis,"{'batsman': 4, 'extras': 0, 'total': 4}",0,0.0,0.0,0.0,0,0,0,0,0,4,0,4,South Africa,London,2009-06-07,male,T20,1,South Africa,runs,130,0,0,0,0,AB de Villiers,20,Scotland,South Africa,Scotland,field,Kennington Oval
5,0.6,GC Smith,CS MacLeod,0,JH Kallis,"{'batsman': 0, 'extras': 0, 'total': 0}",0,0.0,0.0,0.0,0,0,0,0,0,0,0,0,South Africa,London,2009-06-07,male,T20,1,South Africa,runs,130,0,0,0,0,AB de Villiers,20,Scotland,South Africa,Scotland,field,Kennington Oval
6,1.1,JH Kallis,GD Drummond,0,GC Smith,"{'batsman': 1, 'extras': 0, 'total': 1}",0,0.0,0.0,0.0,0,0,0,0,0,1,0,1,South Africa,London,2009-06-07,male,T20,1,South Africa,runs,130,0,0,0,0,AB de Villiers,20,Scotland,South Africa,Scotland,field,Kennington Oval
7,1.2,GC Smith,GD Drummond,0,JH Kallis,"{'batsman': 0, 'extras': 0, 'total': 0}",0,0.0,0.0,0.0,0,0,0,0,0,0,0,0,South Africa,London,2009-06-07,male,T20,1,South Africa,runs,130,0,0,0,0,AB de Villiers,20,Scotland,South Africa,Scotland,field,Kennington Oval
8,1.3,GC Smith,GD Drummond,0,JH Kallis,"{'batsman': 0, 'extras': 0, 'total': 0}",0,0.0,0.0,0.0,0,0,0,0,0,0,0,0,South Africa,London,2009-06-07,male,T20,1,South Africa,runs,130,0,0,0,0,AB de Villiers,20,Scotland,South Africa,Scotland,field,Kennington Oval
9,1.4,GC Smith,GD Drummond,0,JH Kallis,"{'batsman': 0, 'extras': 0, 'total': 0}",0,0.0,0.0,0.0,0,0,0,0,0,0,0,0,South Africa,London,2009-06-07,male,T20,1,South Africa,runs,130,0,0,0,0,AB de Villiers,20,Scotland,South Africa,Scotland,field,Kennington Oval
10,1.5,GC Smith,GD Drummond,0,JH Kallis,"{'batsman': 1, 'extras': 0, 'total': 1}",0,0.0,0.0,0.0,0,0,0,0,0,1,0,1,South Africa,London,2009-06-07,male,T20,1,South Africa,runs,130,0,0,0,0,AB de Villiers,20,Scotland,South Africa,Scotland,field,Kennington Oval
11,1.6,JH Kallis,GD Drummond,0,GC Smith,"{'batsman': 1, 'extras': 0, 'total': 1}",0,0.0,0.0,0.0,0,0,0,0,0,1,0,1,South Africa,London,2009-06-07,male,T20,1,South Africa,runs,130,0,0,0,0,AB de Villiers,20,Scotland,South Africa,Scotland,field,Kennington Oval
12,2.1,JH Kallis,CS MacLeod,0,GC Smith,"{'batsman': 4, 'extras': 0, 'total': 4}",0,0.0,0.0,0.0,0,0,0,0,0,4,0,4,South Africa,London,2009-06-07,male,T20,1,South Africa,runs,130,0,0,0,0,AB de Villiers,20,Scotland,South Africa,Scotland,field,Kennington Oval
13,2.2,JH Kallis,CS MacLeod,0,GC Smith,"{'batsman': 4, 'extras': 0, 'total': 4}",0,0.0,0.0,0.0,0,0,0,0,0,4,0,4,South Africa,London,2009-06-07,male,T20,1,South Africa,runs,130,0,0,0,0,AB de Villiers,20,Scotland,South Africa,Scotland,field,Kennington Oval
14,2.3,JH Kallis,CS MacLeod,0,GC Smith,"{'batsman': 0, 'extras': 0, 'total': 0}",0,0.0,0.0,0.0,0,0,0,0,0,0,0,0,South Africa,London,2009-06-07,male,T20,1,South Africa,runs,130,0,0,0,0,AB de Villiers,20,Scotland,South Africa,Scotland,field,Kennington Oval
15,2.4,JH Kallis,CS MacLeod,0,GC Smith,"{'batsman': 1, 'extras': 0, 'total': 1}",0,0.0,0.0,0.0,0,0,0,0,0,1,0,1,South Africa,London,2009-06-07,male,T20,1,South Africa,runs,130,0,0,0,0,AB de Villiers,20,Scotland,South Africa,Scotland,field,Kennington Oval
16,2.5,GC Smith,CS MacLeod,0,JH Kallis,"{'batsman': 0, 'extras': 0, 'total': 0}",0,0.0,0.0,0.0,0,0,0,0,0,0,0,0,South Africa,London,2009-06-07,male,T20,1,South Africa,runs,130,0,0,0,0,AB de Villiers,20,Scotland,South Africa,Scotland,field,Kennington Oval
17,2.6,GC Smith,CS MacLeod,0,JH Kallis,"{'batsman': 0, 'extras': 0, 'total': 0}",0,0.0,0.0,0.0,0,0,0,0,0,0,0,0,South Africa,London,2009-06-07,male,T20,1,South Africa,runs,130,0,0,0,0,AB de Villiers,20,Scotland,South Africa,Scotland,field,Kennington Oval
18,3.1,JH Kallis,GD Drummond,0,GC Smith,"{'batsman': 4, 'extras': 0, 'total': 4}",0,0.0,0.0,0.0,0,0,0,0,0,4,0,4,South Africa,London,2009-06-07,male,T20,1,South Africa,runs,130,0,0,0,0,AB de Villiers,20,Scotland,South Africa,Scotland,field,Kennington Oval
19,3.2,JH Kallis,GD Drummond,0,GC Smith,"{'batsman': 0, 'extras': 0, 'total': 0}",0,0.0,0.0,0.0,0,0,0,0,0,0,0,0,South Africa,London,2009-06-07,male,T20,1,South Africa,runs,130,0,0,0,0,AB de Villiers,20,Scotland,South Africa,Scotland,field,Kennington Oval
20,3.3,JH Kallis,GD Drummond,0,GC Smith,"{'batsman': 2, 'extras': 0, 'total': 2}",0,0.0,0.0,0.0,0,0,0,0,0,2,0,2,South Africa,London,2009-06-07,male,T20,1,South Africa,runs,130,0,0,0,0,AB de Villiers,20,Scotland,South Africa,Scotland,field,Kennington Oval
21,3.4,JH Kallis,GD Drummond,0,GC Smith,"{'batsman': 1, 'extras': 0, 'total': 1}",0,0.0,0.0,0.0,0,0,0,0,0,1,0,1,South Africa,London,2009-06-07,male,T20,1,South Africa,runs,130,0,0,0,0,AB de Villiers,20,Scotland,South Africa,Scotland,field,Kennington Oval
22,3.5,GC Smith,GD Drummond,0,JH Kallis,"{'batsman': 0, 'extras': 0, 'total': 0}",0,0.0,0.0,0.0,0,0,0,0,0,0,0,0,South Africa,London,2009-06-07,male,T20,1,South Africa,runs,130,0,0,0,0,AB de Villiers,20,Scotland,South Africa,Scotland,field,Kennington Oval
23,3.6,GC Smith,GD Drummond,0,JH Kallis,"{'batsman': 4, 'extras': 0, 'total': 4}",0,0.0,0.0,0.0,0,0,0,0,0,4,0,4,South Africa,London,2009-06-07,male,T20,1,South Africa,runs,130,0,0,0,0,AB de Villiers,20,Scotland,South Africa,Scotland,field,Kennington Oval
24,4.1,JH Kallis,JH Stander,{'noballs': 1},GC Smith,"{'batsman': 4, 'extras': 1, 'total': 5}",0,0.0,1.0,0.0,0,0,0,0,0,4,1,5,South Africa,London,2009-06-07,male,T20,1,South Africa,runs,130,0,0,0,0,AB de Villiers,20,Scotland,South Africa,Scotland,field,Kennington Oval
25,4.2,JH Kallis,JH Stander,0,GC Smith,"{'batsman': 0, 'extras': 0, 'total': 0}",0,0.0,0.0,0.0,0,0,0,0,0,0,0,0,South Africa,London,2009-06-07,male,T20,1,South Africa,runs,130,0,0,0,0,AB de Villiers,20,Scotland,South Africa,Scotland,field,Kennington Oval
26,4.3,JH Kallis,JH Stander,0,GC Smith,"{'batsman': 4, 'extras': 0, 'total': 4}",0,0.0,0.0,0.0,0,0,0,0,0,4,0,4,South Africa,London,2009-06-07,male,T20,1,South Africa,runs,130,0,0,0,0,AB de Villiers,20,Scotland,South Africa,Scotland,field,Kennington Oval
27,4.4,JH Kallis,JH Stander,0,GC Smith,"{'batsman': 4, 'extras': 0, 'total': 4}",0,0.0,0.0,0.0,0,0,0,0,0,4,0,4,South Africa,London,2009-06-07,male,T20,1,South Africa,runs,130,0,0,0,0,AB de Villiers,20,Scotland,South Africa,Scotland,field,Kennington Oval
28,4.5,JH Kallis,JH Stander,0,GC Smith,"{'batsman': 4, 'extras': 0, 'total': 4}",0,0.0,0.0,0.0,0,0,0,0,0,4,0,4,South Africa,London,2009-06-07,male,T20,1,South Africa,runs,130,0,0,0,0,AB de Villiers,20,Scotland,South Africa,Scotland,field,Kennington Oval
29,4.6,JH Kallis,JH Stander,0,GC Smith,"{'batsman': 4, 'extras': 0, 'total': 4}",0,0.0,0.0,0.0,0,0,0,0,0,4,0,4,South Africa,London,2009-06-07,male,T20,1,South Africa,runs,130,0,0,0,0,AB de Villiers,20,Scotland,South Africa,Scotland,field,Kennington Oval
30,4.7,JH Kallis,JH Stander,0,GC Smith,"{'batsman': 0, 'extras': 0, 'total': 0}",0,0.0,0.0,0.0,0,0,0,0,0,0,0,0,South Africa,London,2009-06-07,male,T20,1,South Africa,runs,130,0,0,0,0,AB de Villiers,20,Scotland,South Africa,Scotland,field,Kennington Oval
31,5.1,GC Smith,CS MacLeod,0,JH Kallis,"{'batsman': 4, 'extras': 0, 'total': 4}",0,0.0,0.0,0.0,0,0,0,0,0,4,0,4,South Africa,London,2009-06-07,male,T20,1,South Africa,runs,130,0,0,0,0,AB de Villiers,20,Scotland,South Africa,Scotland,field,Kennington Oval
32,5.2,GC Smith,CS MacLeod,0,JH Kallis,"{'batsman': 1, 'extras': 0, 'total': 1}",0,0.0,0.0,0.0,0,0,0,0,0,1,0,1,South Africa,London,2009-06-07,male,T20,1,South Africa,runs,130,0,0,0,0,AB de Villiers,20,Scotland,South Africa,Scotland,field,Kennington Oval
33,5.3,JH Kallis,CS MacLeod,0,GC Smith,"{'batsman': 1, 'extras': 0, 'total': 1}",0,0.0,0.0,0.0,0,0,0,0,0,1,0,1,South Africa,London,2009-06-07,male,T20,1,South Africa,runs,130,0,0,0,0,AB de Villiers,20,Scotland,South Africa,Scotland,field,Kennington Oval
34,5.4,GC Smith,CS MacLeod,0,JH Kallis,"{'batsman': 1, 'extras': 0, 'total': 1}",0,0.0,0.0,0.0,0,0,0,0,0,1,0,1,South Africa,London,2009-06-07,male,T20,1,South Africa,runs,130,0,0,0,0,AB de Villiers,20,Scotland,South Africa,Scotland,field,Kennington Oval
35,5.5,JH Kallis,CS MacLeod,0,GC Smith,"{'batsman': 0, 'extras': 0, 'total': 0}",0,0.0,0.0,0.0,0,0,0,0,0,0,0,0,South Africa,London,2009-06-07,male,T20,1,South Africa,runs,130,0,0,0,0,AB de Villiers,20,Scotland,South Africa,Scotland,field,Kennington Oval
36,5.6,JH Kallis,CS MacLeod,0,GC Smith,"{'batsman': 0, 'extras': 0, 'total': 0}",0,0.0,0.0,0.0,0,0,0,0,0,0,0,0,South Africa,London,2009-06-07,male,T20,1,South Africa,runs,130,0,0,0,0,AB de Villiers,20,Scotland,South Africa,Scotland,field,Kennington Oval
37,6.1,GC Smith,GA Rogers,0,JH Kallis,"{'batsman': 4, 'extras': 0, 'total': 4}",0,0.0,0.0,0.0,0,0,0,0,0,4,0,4,South Africa,London,2009-06-07,male,T20,1,South Africa,runs,130,0,0,0,0,AB de Villiers,20,Scotland,South Africa,Scotland,field,Kennington Oval
38,6.2,GC Smith,GA Rogers,0,JH Kallis,"{'batsman': 2, 'extras': 0, 'total': 2}",0,0.0,0.0,0.0,0,0,0,0,0,2,0,2,South Africa,London,2009-06-07,male,T20,1,South Africa,runs,130,0,0,0,0,AB de Villiers,20,Scotland,South Africa,Scotland,field,Kennington Oval
39,6.3,GC Smith,GA Rogers,0,JH Kallis,"{'batsman': 4, 'extras': 0, 'total': 4}",0,0.0,0.0,0.0,0,0,0,0,0,4,0,4,South Africa,London,2009-06-07,male,T20,1,South Africa,runs,130,0,0,0,0,AB de Villiers,20,Scotland,South Africa,Scotland,field,Kennington Oval
40,6.4,GC Smith,GA Rogers,0,JH Kallis,"{'batsman': 4, 'extras': 0, 'total': 4}",0,0.0,0.0,0.0,0,0,0,0,0,4,0,4,South Africa,London,2009-06-07,male,T20,1,South Africa,runs,130,0,0,0,0,AB de Villiers,20,Scotland,South Africa,Scotland,field,Kennington Oval
41,6.5,GC Smith,GA Rogers,0,JH Kallis,"{'batsman': 0, 'extras': 0, 'total': 0}",0,0.0,0.0,0.0,0,0,0,0,0,0,0,0,South Africa,London,2009-06-07,male,T20,1,South Africa,runs,130,0,0,0,0,AB de Villiers,20,Scotland,South Africa,Scotland,field,Kennington Oval
42,6.6,GC Smith,GA Rogers,0,JH Kallis,"{'batsman': 0, 'extras': 0, 'total': 0}",0,0.0,0.0,0.0,0,0,0,0,0,0,0,0,South Africa,London,2009-06-07,male,T20,1,South Africa,runs,130,0,0,0,0,AB de Villiers,20,Scotland,South Africa,Scotland,field,Kennington Oval
43,7.1,JH Kallis,RM Haq,0,GC Smith,"{'batsman': 0, 'extras': 0, 'total': 0}",0,0.0,0.0,0.0,0,0,0,0,0,0,0,0,South Africa,London,2009-06-07,male,T20,1,South Africa,runs,130,0,0,0,0,AB de Villiers,20,Scotland,South Africa,Scotland,field,Kennington Oval
44,7.2,JH Kallis,RM Haq,0,GC Smith,"{'batsman': 0, 'extras': 0, 'total': 0}",0,0.0,0.0,0.0,0,0,0,0,0,0,0,0,South Africa,London,2009-06-07,male,T20,1,South Africa,runs,130,0,0,0,0,AB de Villiers,20,Scotland,South Africa,Scotland,field,Kennington Oval
45,7.3,JH Kallis,RM Haq,0,GC Smith,"{'batsman': 1, 'extras': 0, 'total': 1}",0,0.0,0.0,0.0,0,0,0,0,0,1,0,1,South Africa,London,2009-06-07,male,T20,1,South Africa,runs,130,0,0,0,0,AB de Villiers,20,Scotland,South Africa,Scotland,field,Kennington Oval
46,7.4,GC Smith,RM Haq,0,JH Kallis,"{'batsman': 1, 'extras': 0, 'total': 1}",0,0.0,0.0,0.0,0,0,0,0,0,1,0,1,South Africa,London,2009-06-07,male,T20,1,South Africa,runs,130,0,0,0,0,AB de Villiers,20,Scotland,South Africa,Scotland,field,Kennington Oval
47,7.5,JH Kallis,RM Haq,0,GC Smith,"{'batsman': 0, 'extras': 0, 'total': 0}",0,0.0,0.0,0.0,0,0,0,0,0,0,0,0,South Africa,London,2009-06-07,male,T20,1,South Africa,runs,130,0,0,0,0,AB de Villiers,20,Scotland,South Africa,Scotland,field,Kennington Oval
48,7.6,JH Kallis,RM Haq,0,GC Smith,"{'batsman': 1, 'extras': 0, 'total': 1}",0,0.0,0.0,0.0,0,0,0,0,0,1,0,1,South Africa,London,2009-06-07,male,T20,1,South Africa,runs,130,0,0,0,0,AB de Villiers,20,Scotland,South Africa,Scotland,field,Kennington Oval
49,8.1,JH Kallis,GA Rogers,0,GC Smith,"{'batsman': 2, 'extras': 0, 'total': 2}",0,0.0,0.0,0.0,0,0,0,0,0,2,0,2,South Africa,London,2009-06-07,male,T20,1,South Africa,runs,130,0,0,0,0,AB de Villiers,20,Scotland,South Africa,Scotland,field,Kennington Oval
50,8.2,JH Kallis,GA Rogers,0,GC Smith,"{'batsman': 1, 'extras': 0, 'total': 1}",0,0.0,0.0,0.0,0,0,0,0,0,1,0,1,South Africa,London,2009-06-07,male,T20,1,South Africa,runs,130,0,0,0,0,AB de Villiers,20,Scotland,South Africa,Scotland,field,Kennington Oval
51,8.3,GC Smith,GA Rogers,0,JH Kallis,"{'batsman': 6, 'extras': 0, 'total': 6}",0,0.0,0.0,0.0,0,0,0,0,0,6,0,6,South Africa,London,2009-06-07,male,T20,1,South Africa,runs,130,0,0,0,0,AB de Villiers,20,Scotland,South Africa,Scotland,field,Kennington Oval
52,8.4,GC Smith,GA Rogers,0,JH Kallis,"{'batsman': 1, 'extras': 0, 'total': 1}",0,0.0,0.0,0.0,0,0,0,0,0,1,0,1,South Africa,London,2009-06-07,male,T20,1,South Africa,runs,130,0,0,0,0,AB de Villiers,20,Scotland,South Africa,Scotland,field,Kennington Oval
53,8.5,JH Kallis,GA Rogers,0,GC Smith,"{'batsman': 2, 'extras': 0, 'total': 2}",0,0.0,0.0,0.0,0,0,0,0,0,2,0,2,South Africa,London,2009-06-07,male,T20,1,South Africa,runs,130,0,0,0,0,AB de Villiers,20,Scotland,South Africa,Scotland,field,Kennington Oval
54,8.6,JH Kallis,GA Rogers,0,GC Smith,"{'batsman': 1, 'extras': 0, 'total': 1}",0,0.0,0.0,0.0,0,0,0,0,0,1,0,1,South Africa,London,2009-06-07,male,T20,1,South Africa,runs,130,0,0,0,0,AB de Villiers,20,Scotland,South Africa,Scotland,field,Kennington Oval
55,9.1,JH Kallis,RM Haq,0,GC Smith,"{'batsman': 1, 'extras': 0, 'total': 1}",0,0.0,0.0,0.0,0,0,0,0,0,1,0,1,South Africa,London,2009-06-07,male,T20,1,South Africa,runs,130,0,0,0,0,AB de Villiers,20,Scotland,South Africa,Scotland,field,Kennington Oval
56,9.2,GC Smith,RM Haq,0,JH Kallis,"{'batsman': 1, 'extras': 0, 'total': 1}",0,0.0,0.0,0.0,0,0,0,0,0,1,0,1,South Africa,London,2009-06-07,male,T20,1,South Africa,runs,130,0,0,0,0,AB de Villiers,20,Scotland,South Africa,Scotland,field,Kennington Oval
57,9.3,JH Kallis,RM Haq,0,GC Smith,"{'batsman': 0, 'extras': 0, 'total': 0}","{'kind': 'bowled', 'player_out': 'JH Kallis'}",0.0,0.0,0.0,0,0,bowled,JH Kallis,0,0,0,0,South Africa,London,2009-06-07,male,T20,1,South Africa,runs,130,0,0,0,0,AB de Villiers,20,Scotland,South Africa,Scotland,field,Kennington Oval
58,9.4,HH Gibbs,RM Haq,0,GC Smith,"{'batsman': 1, 'extras': 0, 'total': 1}",0,0.0,0.0,0.0,0,0,0,0,0,1,0,1,South Africa,London,2009-06-07,male,T20,1,South Africa,runs,130,0,0,0,0,AB de Villiers,20,Scotland,South Africa,Scotland,field,Kennington Oval
59,9.5,GC Smith,RM Haq,0,HH Gibbs,"{'batsman': 0, 'extras': 0, 'total': 0}",0,0.0,0.0,0.0,0,0,0,0,0,0,0,0,South Africa,London,2009-06-07,male,T20,1,South Africa,runs,130,0,0,0,0,AB de Villiers,20,Scotland,South Africa,Scotland,field,Kennington Oval
60,9.6,GC Smith,RM Haq,0,HH Gibbs,"{'batsman': 0, 'extras': 0, 'total': 0}","{'fielders': ['CJO Smith'], 'kind': 'caught', 'player_out': 'GC Smith'}",0.0,0.0,0.0,0,0,caught,GC Smith,['CJO Smith'],0,0,0,South Africa,London,2009-06-07,male,T20,1,South Africa,runs,130,0,0,0,0,AB de Villiers,20,Scotland,South Africa,Scotland,field,Kennington Oval
61,10.1,AB de Villiers,GA Rogers,0,HH Gibbs,"{'batsman': 0, 'extras': 0, 'total': 0}",0,0.0,0.0,0.0,0,0,0,0,0,0,0,0,South Africa,London,2009-06-07,male,T20,1,South Africa,runs,130,0,0,0,0,AB de Villiers,20,Scotland,South Africa,Scotland,field,Kennington Oval
62,10.2,AB de Villiers,GA Rogers,0,HH Gibbs,"{'batsman': 1, 'extras': 0, 'total': 1}",0,0.0,0.0,0.0,0,0,0,0,0,1,0,1,South Africa,London,2009-06-07,male,T20,1,South Africa,runs,130,0,0,0,0,AB de Villiers,20,Scotland,South Africa,Scotland,field,Kennington Oval
63,10.3,HH Gibbs,GA Rogers,0,AB de Villiers,"{'batsman': 1, 'extras': 0, 'total': 1}",0,0.0,0.0,0.0,0,0,0,0,0,1,0,1,South Africa,London,2009-06-07,male,T20,1,South Africa,runs,130,0,0,0,0,AB de Villiers,20,Scotland,South Africa,Scotland,field,Kennington Oval
64,10.4,AB de Villiers,GA Rogers,0,HH Gibbs,"{'batsman': 4, 'extras': 0, 'total': 4}",0,0.0,0.0,0.0,0,0,0,0,0,4,0,4,South Africa,London,2009-06-07,male,T20,1,South Africa,runs,130,0,0,0,0,AB de Villiers,20,Scotland,South Africa,Scotland,field,Kennington Oval
65,10.5,AB de Villiers,GA Rogers,0,HH Gibbs,"{'batsman': 0, 'extras': 0, 'total': 0}",0,0.0,0.0,0.0,0,0,0,0,0,0,0,0,South Africa,London,2009-06-07,male,T20,1,South Africa,runs,130,0,0,0,0,AB de Villiers,20,Scotland,South Africa,Scotland,field,Kennington Oval
66,10.6,AB de Villiers,GA Rogers,0,HH Gibbs,"{'batsman': 1, 'extras': 0, 'total': 1}",0,0.0,0.0,0.0,0,0,0,0,0,1,0,1,South Africa,London,2009-06-07,male,T20,1,South Africa,runs,130,0,0,0,0,AB de Villiers,20,Scotland,South Africa,Scotland,field,Kennington Oval
67,11.1,AB de Villiers,RM Haq,0,HH Gibbs,"{'batsman': 0, 'extras': 0, 'total': 0}",0,0.0,0.0,0.0,0,0,0,0,0,0,0,0,South Africa,London,2009-06-07,male,T20,1,South Africa,runs,130,0,0,0,0,AB de Villiers,20,Scotland,South Africa,Scotland,field,Kennington Oval
68,11.2,AB de Villiers,RM Haq,0,HH Gibbs,"{'batsman': 6, 'extras': 0, 'total': 6}",0,0.0,0.0,0.0,0,0,0,0,0,6,0,6,South Africa,London,2009-06-07,male,T20,1,South Africa,runs,130,0,0,0,0,AB de Villiers,20,Scotland,South Africa,Scotland,field,Kennington Oval
69,11.3,AB de Villiers,RM Haq,0,HH Gibbs,"{'batsman': 1, 'extras': 0, 'total': 1}",0,0.0,0.0,0.0,0,0,0,0,0,1,0,1,South Africa,London,2009-06-07,male,T20,1,South Africa,runs,130,0,0,0,0,AB de Villiers,20,Scotland,South Africa,Scotland,field,Kennington Oval
70,11.4,HH Gibbs,RM Haq,0,AB de Villiers,"{'batsman': 1, 'extras': 0, 'total': 1}",0,0.0,0.0,0.0,0,0,0,0,0,1,0,1,South Africa,London,2009-06-07,male,T20,1,South Africa,runs,130,0,0,0,0,AB de Villiers,20,Scotland,South Africa,Scotland,field,Kennington Oval
71,11.5,AB de Villiers,RM Haq,0,HH Gibbs,"{'batsman': 1, 'extras': 0, 'total': 1}",0,0.0,0.0,0.0,0,0,0,0,0,1,0,1,South Africa,London,2009-06-07,male,T20,1,South Africa,runs,130,0,0,0,0,AB de Villiers,20,Scotland,South Africa,Scotland,field,Kennington Oval
72,11.6,HH Gibbs,RM Haq,0,AB de Villiers,"{'batsman': 1, 'extras': 0, 'total': 1}",0,0.0,0.0,0.0,0,0,0,0,0,1,0,1,South Africa,London,2009-06-07,male,T20,1,South Africa,runs,130,0,0,0,0,AB de Villiers,20,Scotland,South Africa,Scotland,field,Kennington Oval
73,12.1,HH Gibbs,RR Watson,0,AB de Villiers,"{'batsman': 2, 'extras': 0, 'total': 2}",0,0.0,0.0,0.0,0,0,0,0,0,2,0,2,South Africa,London,2009-06-07,male,T20,1,South Africa,runs,130,0,0,0,0,AB de Villiers,20,Scotland,South Africa,Scotland,field,Kennington Oval
74,12.2,HH Gibbs,RR Watson,0,AB de Villiers,"{'batsman': 1, 'extras': 0, 'total': 1}",0,0.0,0.0,0.0,0,0,0,0,0,1,0,1,South Africa,London,2009-06-07,male,T20,1,South Africa,runs,130,0,0,0,0,AB de Villiers,20,Scotland,South Africa,Scotland,field,Kennington Oval
75,12.3,AB de Villiers,RR Watson,0,HH Gibbs,"{'batsman': 0, 'extras': 0, 'total': 0}",0,0.0,0.0,0.0,0,0,0,0,0,0,0,0,South Africa,London,2009-06-07,male,T20,1,South Africa,runs,130,0,0,0,0,AB de Villiers,20,Scotland,South Africa,Scotland,field,Kennington Oval
76,12.4,AB de Villiers,RR Watson,0,HH Gibbs,"{'batsman': 1, 'extras': 0, 'total': 1}",0,0.0,0.0,0.0,0,0,0,0,0,1,0,1,South Africa,London,2009-06-07,male,T20,1,South Africa,runs,130,0,0,0,0,AB de Villiers,20,Scotland,South Africa,Scotland,field,Kennington Oval
77,12.5,HH Gibbs,RR Watson,0,AB de Villiers,"{'batsman': 1, 'extras': 0, 'total': 1}",0,0.0,0.0,0.0,0,0,0,0,0,1,0,1,South Africa,London,2009-06-07,male,T20,1,South Africa,runs,130,0,0,0,0,AB de Villiers,20,Scotland,South Africa,Scotland,field,Kennington Oval
78,12.6,AB de Villiers,RR Watson,0,HH Gibbs,"{'batsman': 2, 'extras': 0, 'total': 2}",0,0.0,0.0,0.0,0,0,0,0,0,2,0,2,South Africa,London,2009-06-07,male,T20,1,South Africa,runs,130,0,0,0,0,AB de Villiers,20,Scotland,South Africa,Scotland,field,Kennington Oval
79,13.1,HH Gibbs,RM Haq,0,AB de Villiers,"{'batsman': 2, 'extras': 0, 'total': 2}",0,0.0,0.0,0.0,0,0,0,0,0,2,0,2,South Africa,London,2009-06-07,male,T20,1,South Africa,runs,130,0,0,0,0,AB de Villiers,20,Scotland,South Africa,Scotland,field,Kennington Oval
80,13.2,HH Gibbs,RM Haq,0,AB de Villiers,"{'batsman': 0, 'extras': 0, 'total': 0}",0,0.0,0.0,0.0,0,0,0,0,0,0,0,0,South Africa,London,2009-06-07,male,T20,1,South Africa,runs,130,0,0,0,0,AB de Villiers,20,Scotland,South Africa,Scotland,field,Kennington Oval
81,13.3,HH Gibbs,RM Haq,0,AB de Villiers,"{'batsman': 1, 'extras': 0, 'total': 1}",0,0.0,0.0,0.0,0,0,0,0,0,1,0,1,South Africa,London,2009-06-07,male,T20,1,South Africa,runs,130,0,0,0,0,AB de Villiers,20,Scotland,South Africa,Scotland,field,Kennington Oval
82,13.4,AB de Villiers,RM Haq,0,HH Gibbs,"{'batsman': 1, 'extras': 0, 'total': 1}",0,0.0,0.0,0.0,0,0,0,0,0,1,0,1,South Africa,London,2009-06-07,male,T20,1,South Africa,runs,130,0,0,0,0,AB de Villiers,20,Scotland,South Africa,Scotland,field,Kennington Oval
83,13.5,HH Gibbs,RM Haq,0,AB de Villiers,"{'batsman': 1, 'extras': 0, 'total': 1}",0,0.0,0.0,0.0,0,0,0,0,0,1,0,1,South Africa,London,2009-06-07,male,T20,1,South Africa,runs,130,0,0,0,0,AB de Villiers,20,Scotland,South Africa,Scotland,field,Kennington Oval
84,13.6,AB de Villiers,RM Haq,0,HH Gibbs,"{'batsman': 4, 'extras': 0, 'total': 4}",0,0.0,0.0,0.0,0,0,0,0,0,4,0,4,South Africa,London,2009-06-07,male,T20,1,South Africa,runs,130,0,0,0,0,AB de Villiers,20,Scotland,South Africa,Scotland,field,Kennington Oval
85,14.1,HH Gibbs,RR Watson,0,AB de Villiers,"{'batsman': 2, 'extras': 0, 'total': 2}",0,0.0,0.0,0.0,0,0,0,0,0,2,0,2,South Africa,London,2009-06-07,male,T20,1,South Africa,runs,130,0,0,0,0,AB de Villiers,20,Scotland,South Africa,Scotland,field,Kennington Oval
86,14.2,HH Gibbs,RR Watson,0,AB de Villiers,"{'batsman': 2, 'extras': 0, 'total': 2}",0,0.0,0.0,0.0,0,0,0,0,0,2,0,2,South Africa,London,2009-06-07,male,T20,1,South Africa,runs,130,0,0,0,0,AB de Villiers,20,Scotland,South Africa,Scotland,field,Kennington Oval
87,14.3,HH Gibbs,RR Watson,0,AB de Villiers,"{'batsman': 0, 'extras': 0, 'total': 0}","{'fielders': ['CJO Smith'], 'kind': 'stumped', 'player_out': 'HH Gibbs'}",0.0,0.0,0.0,0,0,stumped,HH Gibbs,['CJO Smith'],0,0,0,South Africa,London,2009-06-07,male,T20,1,South Africa,runs,130,0,0,0,0,AB de Villiers,20,Scotland,South Africa,Scotland,field,Kennington Oval
88,14.4,JA Morkel,RR Watson,0,AB de Villiers,"{'batsman': 1, 'extras': 0, 'total': 1}",0,0.0,0.0,0.0,0,0,0,0,0,1,0,1,South Africa,London,2009-06-07,male,T20,1,South Africa,runs,130,0,0,0,0,AB de Villiers,20,Scotland,South Africa,Scotland,field,Kennington Oval
89,14.5,AB de Villiers,RR Watson,0,JA Morkel,"{'batsman': 1, 'extras': 0, 'total': 1}",0,0.0,0.0,0.0,0,0,0,0,0,1,0,1,South Africa,London,2009-06-07,male,T20,1,South Africa,runs,130,0,0,0,0,AB de Villiers,20,Scotland,South Africa,Scotland,field,Kennington Oval
90,14.6,JA Morkel,RR Watson,0,AB de Villiers,"{'batsman': 1, 'extras': 0, 'total': 1}",0,0.0,0.0,0.0,0,0,0,0,0,1,0,1,South Africa,London,2009-06-07,male,T20,1,South Africa,runs,130,0,0,0,0,AB de Villiers,20,Scotland,South Africa,Scotland,field,Kennington Oval
91,15.1,JA Morkel,GA Rogers,{'wides': 1},AB de Villiers,"{'batsman': 0, 'extras': 1, 'total': 1}",0,1.0,0.0,0.0,0,0,0,0,0,0,1,1,South Africa,London,2009-06-07,male,T20,1,South Africa,runs,130,0,0,0,0,AB de Villiers,20,Scotland,South Africa,Scotland,field,Kennington Oval
92,15.2,JA Morkel,GA Rogers,0,AB de Villiers,"{'batsman': 2, 'extras': 0, 'total': 2}",0,0.0,0.0,0.0,0,0,0,0,0,2,0,2,South Africa,London,2009-06-07,male,T20,1,South Africa,runs,130,0,0,0,0,AB de Villiers,20,Scotland,South Africa,Scotland,field,Kennington Oval
93,15.3,JA Morkel,GA Rogers,0,AB de Villiers,"{'batsman': 1, 'extras': 0, 'total': 1}",0,0.0,0.0,0.0,0,0,0,0,0,1,0,1,South Africa,London,2009-06-07,male,T20,1,South Africa,runs,130,0,0,0,0,AB de Villiers,20,Scotland,South Africa,Scotland,field,Kennington Oval
94,15.4,AB de Villiers,GA Rogers,{'noballs': 2},JA Morkel,"{'batsman': 0, 'extras': 2, 'total': 2}",0,0.0,2.0,0.0,0,0,0,0,0,0,2,2,South Africa,London,2009-06-07,male,T20,1,South Africa,runs,130,0,0,0,0,AB de Villiers,20,Scotland,South Africa,Scotland,field,Kennington Oval
95,15.5,JA Morkel,GA Rogers,0,AB de Villiers,"{'batsman': 1, 'extras': 0, 'total': 1}",0,0.0,0.0,0.0,0,0,0,0,0,1,0,1,South Africa,London,2009-06-07,male,T20,1,South Africa,runs,130,0,0,0,0,AB de Villiers,20,Scotland,South Africa,Scotland,field,Kennington Oval
96,15.6,AB de Villiers,GA Rogers,0,JA Morkel,"{'batsman': 4, 'extras': 0, 'total': 4}",0,0.0,0.0,0.0,0,0,0,0,0,4,0,4,South Africa,London,2009-06-07,male,T20,1,South Africa,runs,130,0,0,0,0,AB de Villiers,20,Scotland,South Africa,Scotland,field,Kennington Oval
97,15.7,AB de Villiers,GA Rogers,0,JA Morkel,"{'batsman': 1, 'extras': 0, 'total': 1}",0,0.0,0.0,0.0,0,0,0,0,0,1,0,1,South Africa,London,2009-06-07,male,T20,1,South Africa,runs,130,0,0,0,0,AB de Villiers,20,Scotland,South Africa,Scotland,field,Kennington Oval
98,15.8,JA Morkel,GA Rogers,0,AB de Villiers,"{'batsman': 6, 'extras': 0, 'total': 6}",0,0.0,0.0,0.0,0,0,0,0,0,6,0,6,South Africa,London,2009-06-07,male,T20,1,South Africa,runs,130,0,0,0,0,AB de Villiers,20,Scotland,South Africa,Scotland,field,Kennington Oval
99,16.1,AB de Villiers,RR Watson,0,JA Morkel,"{'batsman': 1, 'extras': 0, 'total': 1}",0,0.0,0.0,0.0,0,0,0,0,0,1,0,1,South Africa,London,2009-06-07,male,T20,1,South Africa,runs,130,0,0,0,0,AB de Villiers,20,Scotland,South Africa,Scotland,field,Kennington Oval
100,16.2,JA Morkel,RR Watson,0,AB de Villiers,"{'batsman': 6, 'extras': 0, 'total': 6}",0,0.0,0.0,0.0,0,0,0,0,0,6,0,6,South Africa,London,2009-06-07,male,T20,1,South Africa,runs,130,0,0,0,0,AB de Villiers,20,Scotland,South Africa,Scotland,field,Kennington Oval
101,16.3,JA Morkel,RR Watson,0,AB de Villiers,"{'batsman': 4, 'extras': 0, 'total': 4}",0,0.0,0.0,0.0,0,0,0,0,0,4,0,4,South Africa,London,2009-06-07,male,T20,1,South Africa,runs,130,0,0,0,0,AB de Villiers,20,Scotland,South Africa,Scotland,field,Kennington Oval
102,16.4,JA Morkel,RR Watson,0,AB de Villiers,"{'batsman': 1, 'extras': 0, 'total': 1}",0,0.0,0.0,0.0,0,0,0,0,0,1,0,1,South Africa,London,2009-06-07,male,T20,1,South Africa,runs,130,0,0,0,0,AB de Villiers,20,Scotland,South Africa,Scotland,field,Kennington Oval
103,16.5,AB de Villiers,RR Watson,0,JA Morkel,"{'batsman': 6, 'extras': 0, 'total': 6}",0,0.0,0.0,0.0,0,0,0,0,0,6,0,6,South Africa,London,2009-06-07,male,T20,1,South Africa,runs,130,0,0,0,0,AB de Villiers,20,Scotland,South Africa,Scotland,field,Kennington Oval
104,16.6,AB de Villiers,RR Watson,0,JA Morkel,"{'batsman': 4, 'extras': 0, 'total': 4}",0,0.0,0.0,0.0,0,0,0,0,0,4,0,4,South Africa,London,2009-06-07,male,T20,1,South Africa,runs,130,0,0,0,0,AB de Villiers,20,Scotland,South Africa,Scotland,field,Kennington Oval
105,17.1,JA Morkel,GD Drummond,0,AB de Villiers,"{'batsman': 1, 'extras': 0, 'total': 1}",0,0.0,0.0,0.0,0,0,0,0,0,1,0,1,South Africa,London,2009-06-07,male,T20,1,South Africa,runs,130,0,0,0,0,AB de Villiers,20,Scotland,South Africa,Scotland,field,Kennington Oval
106,17.2,AB de Villiers,GD Drummond,0,JA Morkel,"{'batsman': 6, 'extras': 0, 'total': 6}",0,0.0,0.0,0.0,0,0,0,0,0,6,0,6,South Africa,London,2009-06-07,male,T20,1,South Africa,runs,130,0,0,0,0,AB de Villiers,20,Scotland,South Africa,Scotland,field,Kennington Oval
107,17.3,AB de Villiers,GD Drummond,0,JA Morkel,"{'batsman': 1, 'extras': 0, 'total': 1}",0,0.0,0.0,0.0,0,0,0,0,0,1,0,1,South Africa,London,2009-06-07,male,T20,1,South Africa,runs,130,0,0,0,0,AB de Villiers,20,Scotland,South Africa,Scotland,field,Kennington Oval
108,17.4,JA Morkel,GD Drummond,0,AB de Villiers,"{'batsman': 0, 'extras': 0, 'total': 0}","{'fielders': ['KJ Coetzer'], 'kind': 'caught', 'player_out': 'JA Morkel'}",0.0,0.0,0.0,0,0,caught,JA Morkel,['KJ Coetzer'],0,0,0,South Africa,London,2009-06-07,male,T20,1,South Africa,runs,130,0,0,0,0,AB de Villiers,20,Scotland,South Africa,Scotland,field,Kennington Oval
109,17.5,AB de Villiers,GD Drummond,0,MV Boucher,"{'batsman': 1, 'extras': 0, 'total': 1}",0,0.0,0.0,0.0,0,0,0,0,0,1,0,1,South Africa,London,2009-06-07,male,T20,1,South Africa,runs,130,0,0,0,0,AB de Villiers,20,Scotland,South Africa,Scotland,field,Kennington Oval
110,17.6,MV Boucher,GD Drummond,0,AB de Villiers,"{'batsman': 1, 'extras': 0, 'total': 1}",0,0.0,0.0,0.0,0,0,0,0,0,1,0,1,South Africa,London,2009-06-07,male,T20,1,South Africa,runs,130,0,0,0,0,AB de Villiers,20,Scotland,South Africa,Scotland,field,Kennington Oval
111,18.1,MV Boucher,CS MacLeod,0,AB de Villiers,"{'batsman': 1, 'extras': 0, 'total': 1}",0,0.0,0.0,0.0,0,0,0,0,0,1,0,1,South Africa,London,2009-06-07,male,T20,1,South Africa,runs,130,0,0,0,0,AB de Villiers,20,Scotland,South Africa,Scotland,field,Kennington Oval
112,18.2,AB de Villiers,CS MacLeod,0,MV Boucher,"{'batsman': 4, 'extras': 0, 'total': 4}",0,0.0,0.0,0.0,0,0,0,0,0,4,0,4,South Africa,London,2009-06-07,male,T20,1,South Africa,runs,130,0,0,0,0,AB de Villiers,20,Scotland,South Africa,Scotland,field,Kennington Oval
113,18.3,AB de Villiers,CS MacLeod,0,MV Boucher,"{'batsman': 6, 'extras': 0, 'total': 6}",0,0.0,0.0,0.0,0,0,0,0,0,6,0,6,South Africa,London,2009-06-07,male,T20,1,South Africa,runs,130,0,0,0,0,AB de Villiers,20,Scotland,South Africa,Scotland,field,Kennington Oval
114,18.4,AB de Villiers,CS MacLeod,0,MV Boucher,"{'batsman': 2, 'extras': 0, 'total': 2}",0,0.0,0.0,0.0,0,0,0,0,0,2,0,2,South Africa,London,2009-06-07,male,T20,1,South Africa,runs,130,0,0,0,0,AB de Villiers,20,Scotland,South Africa,Scotland,field,Kennington Oval
115,18.5,AB de Villiers,CS MacLeod,0,MV Boucher,"{'batsman': 2, 'extras': 0, 'total': 2}",0,0.0,0.0,0.0,0,0,0,0,0,2,0,2,South Africa,London,2009-06-07,male,T20,1,South Africa,runs,130,0,0,0,0,AB de Villiers,20,Scotland,South Africa,Scotland,field,Kennington Oval
116,18.6,AB de Villiers,CS MacLeod,0,MV Boucher,"{'batsman': 2, 'extras': 0, 'total': 2}",0,0.0,0.0,0.0,0,0,0,0,0,2,0,2,South Africa,London,2009-06-07,male,T20,1,South Africa,runs,130,0,0,0,0,AB de Villiers,20,Scotland,South Africa,Scotland,field,Kennington Oval
117,19.1,MV Boucher,GD Drummond,0,AB de Villiers,"{'batsman': 0, 'extras': 0, 'total': 0}","{'fielders': ['KJ Coetzer'], 'kind': 'caught', 'player_out': 'MV Boucher'}",0.0,0.0,0.0,0,0,caught,MV Boucher,['KJ Coetzer'],0,0,0,South Africa,London,2009-06-07,male,T20,1,South Africa,runs,130,0,0,0,0,AB de Villiers,20,Scotland,South Africa,Scotland,field,Kennington Oval
118,19.2,AB de Villiers,GD Drummond,0,JP Duminy,"{'batsman': 2, 'extras': 0, 'total': 2}",0,0.0,0.0,0.0,0,0,0,0,0,2,0,2,South Africa,London,2009-06-07,male,T20,1,South Africa,runs,130,0,0,0,0,AB de Villiers,20,Scotland,South Africa,Scotland,field,Kennington Oval
119,19.3,AB de Villiers,GD Drummond,0,JP Duminy,"{'batsman': 6, 'extras': 0, 'total': 6}",0,0.0,0.0,0.0,0,0,0,0,0,6,0,6,South Africa,London,2009-06-07,male,T20,1,South Africa,runs,130,0,0,0,0,AB de Villiers,20,Scotland,South Africa,Scotland,field,Kennington Oval
120,19.4,AB de Villiers,GD Drummond,0,JP Duminy,"{'batsman': 6, 'extras': 0, 'total': 6}",0,0.0,0.0,0.0,0,0,0,0,0,6,0,6,South Africa,London,2009-06-07,male,T20,1,South Africa,runs,130,0,0,0,0,AB de Villiers,20,Scotland,South Africa,Scotland,field,Kennington Oval
121,19.5,AB de Villiers,GD Drummond,0,JP Duminy,"{'batsman': 0, 'extras': 0, 'total': 0}",0,0.0,0.0,0.0,0,0,0,0,0,0,0,0,South Africa,London,2009-06-07,male,T20,1,South Africa,runs,130,0,0,0,0,AB de Villiers,20,Scotland,South Africa,Scotland,field,Kennington Oval
122,19.6,AB de Villiers,GD Drummond,0,JP Duminy,"{'batsman': 2, 'extras': 0, 'total': 2}",0,0.0,0.0,0.0,0,0,0,0,0,2,0,2,South Africa,London,2009-06-07,male,T20,1,South Africa,runs,130,0,0,0,0,AB de Villiers,20,Scotland,South Africa,Scotland,field,Kennington Oval
123,0.1,GM Hamilton,DW Steyn,0,RR Watson,"{'batsman': 1, 'extras': 0, 'total': 1}",0,0.0,0.0,0.0,0,0,0,0,0,1,0,1,Scotland,London,2009-06-07,male,T20,1,South Africa,runs,130,0,0,0,0,AB de Villiers,20,Scotland,South Africa,Scotland,field,Kennington Oval
124,0.2,RR Watson,DW Steyn,0,GM Hamilton,"{'batsman': 0, 'extras': 0, 'total': 0}",0,0.0,0.0,0.0,0,0,0,0,0,0,0,0,Scotland,London,2009-06-07,male,T20,1,South Africa,runs,130,0,0,0,0,AB de Villiers,20,Scotland,South Africa,Scotland,field,Kennington Oval
125,0.3,RR Watson,DW Steyn,{'wides': 1},GM Hamilton,"{'batsman': 0, 'extras': 1, 'total': 1}",0,1.0,0.0,0.0,0,0,0,0,0,0,1,1,Scotland,London,2009-06-07,male,T20,1,South Africa,runs,130,0,0,0,0,AB de Villiers,20,Scotland,South Africa,Scotland,field,Kennington Oval
126,0.4,RR Watson,DW Steyn,0,GM Hamilton,"{'batsman': 0, 'extras': 0, 'total': 0}",0,0.0,0.0,0.0,0,0,0,0,0,0,0,0,Scotland,London,2009-06-07,male,T20,1,South Africa,runs,130,0,0,0,0,AB de Villiers,20,Scotland,South Africa,Scotland,field,Kennington Oval
127,0.5,RR Watson,DW Steyn,0,GM Hamilton,"{'batsman': 4, 'extras': 0, 'total': 4}",0,0.0,0.0,0.0,0,0,0,0,0,4,0,4,Scotland,London,2009-06-07,male,T20,1,South Africa,runs,130,0,0,0,0,AB de Villiers,20,Scotland,South Africa,Scotland,field,Kennington Oval
128,0.6,RR Watson,DW Steyn,0,GM Hamilton,"{'batsman': 0, 'extras': 0, 'total': 0}","{'kind': 'bowled', 'player_out': 'RR Watson'}",0.0,0.0,0.0,0,0,bowled,RR Watson,0,0,0,0,Scotland,London,2009-06-07,male,T20,1,South Africa,runs,130,0,0,0,0,AB de Villiers,20,Scotland,South Africa,Scotland,field,Kennington Oval
129,0.7,NS Poonia,DW Steyn,0,GM Hamilton,"{'batsman': 0, 'extras': 0, 'total': 0}",0,0.0,0.0,0.0,0,0,0,0,0,0,0,0,Scotland,London,2009-06-07,male,T20,1,South Africa,runs,130,0,0,0,0,AB de Villiers,20,Scotland,South Africa,Scotland,field,Kennington Oval
130,1.1,GM Hamilton,WD Parnell,0,NS Poonia,"{'batsman': 0, 'extras': 0, 'total': 0}",0,0.0,0.0,0.0,0,0,0,0,0,0,0,0,Scotland,London,2009-06-07,male,T20,1,South Africa,runs,130,0,0,0,0,AB de Villiers,20,Scotland,South Africa,Scotland,field,Kennington Oval
131,1.2,GM Hamilton,WD Parnell,0,NS Poonia,"{'batsman': 0, 'extras': 0, 'total': 0}",0,0.0,0.0,0.0,0,0,0,0,0,0,0,0,Scotland,London,2009-06-07,male,T20,1,South Africa,runs,130,0,0,0,0,AB de Villiers,20,Scotland,South Africa,Scotland,field,Kennington Oval
132,1.3,GM Hamilton,WD Parnell,0,NS Poonia,"{'batsman': 4, 'extras': 0, 'total': 4}",0,0.0,0.0,0.0,0,0,0,0,0,4,0,4,Scotland,London,2009-06-07,male,T20,1,South Africa,runs,130,0,0,0,0,AB de Villiers,20,Scotland,South Africa,Scotland,field,Kennington Oval
133,1.4,GM Hamilton,WD Parnell,0,NS Poonia,"{'batsman': 0, 'extras': 0, 'total': 0}",0,0.0,0.0,0.0,0,0,0,0,0,0,0,0,Scotland,London,2009-06-07,male,T20,1,South Africa,runs,130,0,0,0,0,AB de Villiers,20,Scotland,South Africa,Scotland,field,Kennington Oval
134,1.5,GM Hamilton,WD Parnell,0,NS Poonia,"{'batsman': 0, 'extras': 0, 'total': 0}","{'fielders': ['JP Duminy'], 'kind': 'caught', 'player_out': 'GM Hamilton'}",0.0,0.0,0.0,0,0,caught,GM Hamilton,['JP Duminy'],0,0,0,Scotland,London,2009-06-07,male,T20,1,South Africa,runs,130,0,0,0,0,AB de Villiers,20,Scotland,South Africa,Scotland,field,Kennington Oval
135,1.6,KJ Coetzer,WD Parnell,0,NS Poonia,"{'batsman': 1, 'extras': 0, 'total': 1}",0,0.0,0.0,0.0,0,0,0,0,0,1,0,1,Scotland,London,2009-06-07,male,T20,1,South Africa,runs,130,0,0,0,0,AB de Villiers,20,Scotland,South Africa,Scotland,field,Kennington Oval
136,2.1,KJ Coetzer,DW Steyn,0,NS Poonia,"{'batsman': 0, 'extras': 0, 'total': 0}",0,0.0,0.0,0.0,0,0,0,0,0,0,0,0,Scotland,London,2009-06-07,male,T20,1,South Africa,runs,130,0,0,0,0,AB de Villiers,20,Scotland,South Africa,Scotland,field,Kennington Oval
137,2.2,KJ Coetzer,DW Steyn,0,NS Poonia,"{'batsman': 2, 'extras': 0, 'total': 2}","{'fielders': ['WD Parnell', 'MV Boucher'], 'kind': 'run out', 'player_out': 'NS Poonia'}",0.0,0.0,0.0,0,0,run out,NS Poonia,"['WD Parnell', 'MV Boucher']",2,0,2,Scotland,London,2009-06-07,male,T20,1,South Africa,runs,130,0,0,0,0,AB de Villiers,20,Scotland,South Africa,Scotland,field,Kennington Oval
138,2.3,CJO Smith,DW Steyn,0,KJ Coetzer,"{'batsman': 0, 'extras': 0, 'total': 0}","{'kind': 'bowled', 'player_out': 'CJO Smith'}",0.0,0.0,0.0,0,0,bowled,CJO Smith,0,0,0,0,Scotland,London,2009-06-07,male,T20,1,South Africa,runs,130,0,0,0,0,AB de Villiers,20,Scotland,South Africa,Scotland,field,Kennington Oval
139,2.4,NFI McCallum,DW Steyn,0,KJ Coetzer,"{'batsman': 0, 'extras': 0, 'total': 0}",0,0.0,0.0,0.0,0,0,0,0,0,0,0,0,Scotland,London,2009-06-07,male,T20,1,South Africa,runs,130,0,0,0,0,AB de Villiers,20,Scotland,South Africa,Scotland,field,Kennington Oval
140,2.5,NFI McCallum,DW Steyn,0,KJ Coetzer,"{'batsman': 1, 'extras': 0, 'total': 1}",0,0.0,0.0,0.0,0,0,0,0,0,1,0,1,Scotland,London,2009-06-07,male,T20,1,South Africa,runs,130,0,0,0,0,AB de Villiers,20,Scotland,South Africa,Scotland,field,Kennington Oval
141,2.6,KJ Coetzer,DW Steyn,0,NFI McCallum,"{'batsman': 0, 'extras': 0, 'total': 0}",0,0.0,0.0,0.0,0,0,0,0,0,0,0,0,Scotland,London,2009-06-07,male,T20,1,South Africa,runs,130,0,0,0,0,AB de Villiers,20,Scotland,South Africa,Scotland,field,Kennington Oval
142,3.1,NFI McCallum,WD Parnell,0,KJ Coetzer,"{'batsman': 0, 'extras': 0, 'total': 0}",0,0.0,0.0,0.0,0,0,0,0,0,0,0,0,Scotland,London,2009-06-07,male,T20,1,South Africa,runs,130,0,0,0,0,AB de Villiers,20,Scotland,South Africa,Scotland,field,Kennington Oval
143,3.2,NFI McCallum,WD Parnell,0,KJ Coetzer,"{'batsman': 0, 'extras': 0, 'total': 0}",0,0.0,0.0,0.0,0,0,0,0,0,0,0,0,Scotland,London,2009-06-07,male,T20,1,South Africa,runs,130,0,0,0,0,AB de Villiers,20,Scotland,South Africa,Scotland,field,Kennington Oval
144,3.3,NFI McCallum,WD Parnell,0,KJ Coetzer,"{'batsman': 0, 'extras': 0, 'total': 0}",0,0.0,0.0,0.0,0,0,0,0,0,0,0,0,Scotland,London,2009-06-07,male,T20,1,South Africa,runs,130,0,0,0,0,AB de Villiers,20,Scotland,South Africa,Scotland,field,Kennington Oval
145,3.4,NFI McCallum,WD Parnell,0,KJ Coetzer,"{'batsman': 0, 'extras': 0, 'total': 0}",0,0.0,0.0,0.0,0,0,0,0,0,0,0,0,Scotland,London,2009-06-07,male,T20,1,South Africa,runs,130,0,0,0,0,AB de Villiers,20,Scotland,South Africa,Scotland,field,Kennington Oval
146,3.5,NFI McCallum,WD Parnell,0,KJ Coetzer,"{'batsman': 0, 'extras': 0, 'total': 0}",0,0.0,0.0,0.0,0,0,0,0,0,0,0,0,Scotland,London,2009-06-07,male,T20,1,South Africa,runs,130,0,0,0,0,AB de Villiers,20,Scotland,South Africa,Scotland,field,Kennington Oval
147,3.6,NFI McCallum,WD Parnell,0,KJ Coetzer,"{'batsman': 1, 'extras': 0, 'total': 1}",0,0.0,0.0,0.0,0,0,0,0,0,1,0,1,Scotland,London,2009-06-07,male,T20,1,South Africa,runs,130,0,0,0,0,AB de Villiers,20,Scotland,South Africa,Scotland,field,Kennington Oval
148,4.1,NFI McCallum,DW Steyn,0,KJ Coetzer,"{'batsman': 1, 'extras': 0, 'total': 1}",0,0.0,0.0,0.0,0,0,0,0,0,1,0,1,Scotland,London,2009-06-07,male,T20,1,South Africa,runs,130,0,0,0,0,AB de Villiers,20,Scotland,South Africa,Scotland,field,Kennington Oval
149,4.2,KJ Coetzer,DW Steyn,0,NFI McCallum,"{'batsman': 0, 'extras': 0, 'total': 0}",0,0.0,0.0,0.0,0,0,0,0,0,0,0,0,Scotland,London,2009-06-07,male,T20,1,South Africa,runs,130,0,0,0,0,AB de Villiers,20,Scotland,South Africa,Scotland,field,Kennington Oval
150,4.3,KJ Coetzer,DW Steyn,0,NFI McCallum,"{'batsman': 6, 'extras': 0, 'total': 6}",0,0.0,0.0,0.0,0,0,0,0,0,6,0,6,Scotland,London,2009-06-07,male,T20,1,South Africa,runs,130,0,0,0,0,AB de Villiers,20,Scotland,South Africa,Scotland,field,Kennington Oval
151,4.4,KJ Coetzer,DW Steyn,0,NFI McCallum,"{'batsman': 1, 'extras': 0, 'total': 1}",0,0.0,0.0,0.0,0,0,0,0,0,1,0,1,Scotland,London,2009-06-07,male,T20,1,South Africa,runs,130,0,0,0,0,AB de Villiers,20,Scotland,South Africa,Scotland,field,Kennington Oval
152,4.5,NFI McCallum,DW Steyn,0,KJ Coetzer,"{'batsman': 0, 'extras': 0, 'total': 0}",0,0.0,0.0,0.0,0,0,0,0,0,0,0,0,Scotland,London,2009-06-07,male,T20,1,South Africa,runs,130,0,0,0,0,AB de Villiers,20,Scotland,South Africa,Scotland,field,Kennington Oval
153,4.6,NFI McCallum,DW Steyn,0,KJ Coetzer,"{'batsman': 4, 'extras': 0, 'total': 4}",0,0.0,0.0,0.0,0,0,0,0,0,4,0,4,Scotland,London,2009-06-07,male,T20,1,South Africa,runs,130,0,0,0,0,AB de Villiers,20,Scotland,South Africa,Scotland,field,Kennington Oval
154,5.1,KJ Coetzer,JH Kallis,0,NFI McCallum,"{'batsman': 0, 'extras': 0, 'total': 0}",0,0.0,0.0,0.0,0,0,0,0,0,0,0,0,Scotland,London,2009-06-07,male,T20,1,South Africa,runs,130,0,0,0,0,AB de Villiers,20,Scotland,South Africa,Scotland,field,Kennington Oval
155,5.2,KJ Coetzer,JH Kallis,0,NFI McCallum,"{'batsman': 0, 'extras': 0, 'total': 0}",0,0.0,0.0,0.0,0,0,0,0,0,0,0,0,Scotland,London,2009-06-07,male,T20,1,South Africa,runs,130,0,0,0,0,AB de Villiers,20,Scotland,South Africa,Scotland,field,Kennington Oval
156,5.3,KJ Coetzer,JH Kallis,0,NFI McCallum,"{'batsman': 4, 'extras': 0, 'total': 4}",0,0.0,0.0,0.0,0,0,0,0,0,4,0,4,Scotland,London,2009-06-07,male,T20,1,South Africa,runs,130,0,0,0,0,AB de Villiers,20,Scotland,South Africa,Scotland,field,Kennington Oval
157,5.4,KJ Coetzer,JH Kallis,{'legbyes': 1},NFI McCallum,"{'batsman': 0, 'extras': 1, 'total': 1}",0,0.0,0.0,1.0,0,0,0,0,0,0,1,1,Scotland,London,2009-06-07,male,T20,1,South Africa,runs,130,0,0,0,0,AB de Villiers,20,Scotland,South Africa,Scotland,field,Kennington Oval
158,5.5,NFI McCallum,JH Kallis,0,KJ Coetzer,"{'batsman': 0, 'extras': 0, 'total': 0}",0,0.0,0.0,0.0,0,0,0,0,0,0,0,0,Scotland,London,2009-06-07,male,T20,1,South Africa,runs,130,0,0,0,0,AB de Villiers,20,Scotland,South Africa,Scotland,field,Kennington Oval
159,5.6,NFI McCallum,JH Kallis,0,KJ Coetzer,"{'batsman': 0, 'extras': 0, 'total': 0}",0,0.0,0.0,0.0,0,0,0,0,0,0,0,0,Scotland,London,2009-06-07,male,T20,1,South Africa,runs,130,0,0,0,0,AB de Villiers,20,Scotland,South Africa,Scotland,field,Kennington Oval
160,6.1,KJ Coetzer,J Botha,0,NFI McCallum,"{'batsman': 1, 'extras': 0, 'total': 1}",0,0.0,0.0,0.0,0,0,0,0,0,1,0,1,Scotland,London,2009-06-07,male,T20,1,South Africa,runs,130,0,0,0,0,AB de Villiers,20,Scotland,South Africa,Scotland,field,Kennington Oval
161,6.2,NFI McCallum,J Botha,0,KJ Coetzer,"{'batsman': 1, 'extras': 0, 'total': 1}",0,0.0,0.0,0.0,0,0,0,0,0,1,0,1,Scotland,London,2009-06-07,male,T20,1,South Africa,runs,130,0,0,0,0,AB de Villiers,20,Scotland,South Africa,Scotland,field,Kennington Oval
162,6.3,KJ Coetzer,J Botha,0,NFI McCallum,"{'batsman': 1, 'extras': 0, 'total': 1}",0,0.0,0.0,0.0,0,0,0,0,0,1,0,1,Scotland,London,2009-06-07,male,T20,1,South Africa,runs,130,0,0,0,0,AB de Villiers,20,Scotland,South Africa,Scotland,field,Kennington Oval
163,6.4,NFI McCallum,J Botha,0,KJ Coetzer,"{'batsman': 0, 'extras': 0, 'total': 0}",0,0.0,0.0,0.0,0,0,0,0,0,0,0,0,Scotland,London,2009-06-07,male,T20,1,South Africa,runs,130,0,0,0,0,AB de Villiers,20,Scotland,South Africa,Scotland,field,Kennington Oval
164,6.5,NFI McCallum,J Botha,0,KJ Coetzer,"{'batsman': 0, 'extras': 0, 'total': 0}","{'kind': 'bowled', 'player_out': 'NFI McCallum'}",0.0,0.0,0.0,0,0,bowled,NFI McCallum,0,0,0,0,Scotland,London,2009-06-07,male,T20,1,South Africa,runs,130,0,0,0,0,AB de Villiers,20,Scotland,South Africa,Scotland,field,Kennington Oval
165,6.6,JH Stander,J Botha,0,KJ Coetzer,"{'batsman': 0, 'extras': 0, 'total': 0}",0,0.0,0.0,0.0,0,0,0,0,0,0,0,0,Scotland,London,2009-06-07,male,T20,1,South Africa,runs,130,0,0,0,0,AB de Villiers,20,Scotland,South Africa,Scotland,field,Kennington Oval
166,7.1,KJ Coetzer,RE van der Merwe,0,JH Stander,"{'batsman': 1, 'extras': 0, 'total': 1}",0,0.0,0.0,0.0,0,0,0,0,0,1,0,1,Scotland,London,2009-06-07,male,T20,1,South Africa,runs,130,0,0,0,0,AB de Villiers,20,Scotland,South Africa,Scotland,field,Kennington Oval
167,7.2,JH Stander,RE van der Merwe,0,KJ Coetzer,"{'batsman': 0, 'extras': 0, 'total': 0}",0,0.0,0.0,0.0,0,0,0,0,0,0,0,0,Scotland,London,2009-06-07,male,T20,1,South Africa,runs,130,0,0,0,0,AB de Villiers,20,Scotland,South Africa,Scotland,field,Kennington Oval
168,7.3,JH Stander,RE van der Merwe,0,KJ Coetzer,"{'batsman': 1, 'extras': 0, 'total': 1}",0,0.0,0.0,0.0,0,0,0,0,0,1,0,1,Scotland,London,2009-06-07,male,T20,1,South Africa,runs,130,0,0,0,0,AB de Villiers,20,Scotland,South Africa,Scotland,field,Kennington Oval
169,7.4,KJ Coetzer,RE van der Merwe,0,JH Stander,"{'batsman': 1, 'extras': 0, 'total': 1}",0,0.0,0.0,0.0,0,0,0,0,0,1,0,1,Scotland,London,2009-06-07,male,T20,1,South Africa,runs,130,0,0,0,0,AB de Villiers,20,Scotland,South Africa,Scotland,field,Kennington Oval
170,7.5,JH Stander,RE van der Merwe,0,KJ Coetzer,"{'batsman': 1, 'extras': 0, 'total': 1}",0,0.0,0.0,0.0,0,0,0,0,0,1,0,1,Scotland,London,2009-06-07,male,T20,1,South Africa,runs,130,0,0,0,0,AB de Villiers,20,Scotland,South Africa,Scotland,field,Kennington Oval
171,7.6,KJ Coetzer,RE van der Merwe,0,JH Stander,"{'batsman': 2, 'extras': 0, 'total': 2}",0,0.0,0.0,0.0,0,0,0,0,0,2,0,2,Scotland,London,2009-06-07,male,T20,1,South Africa,runs,130,0,0,0,0,AB de Villiers,20,Scotland,South Africa,Scotland,field,Kennington Oval
172,8.1,JH Stander,J Botha,0,KJ Coetzer,"{'batsman': 0, 'extras': 0, 'total': 0}",0,0.0,0.0,0.0,0,0,0,0,0,0,0,0,Scotland,London,2009-06-07,male,T20,1,South Africa,runs,130,0,0,0,0,AB de Villiers,20,Scotland,South Africa,Scotland,field,Kennington Oval
173,8.2,JH Stander,J Botha,0,KJ Coetzer,"{'batsman': 0, 'extras': 0, 'total': 0}","{'kind': 'lbw', 'player_out': 'JH Stander'}",0.0,0.0,0.0,0,0,lbw,JH Stander,0,0,0,0,Scotland,London,2009-06-07,male,T20,1,South Africa,runs,130,0,0,0,0,AB de Villiers,20,Scotland,South Africa,Scotland,field,Kennington Oval
174,8.3,RM Haq,J Botha,0,KJ Coetzer,"{'batsman': 1, 'extras': 0, 'total': 1}",0,0.0,0.0,0.0,0,0,0,0,0,1,0,1,Scotland,London,2009-06-07,male,T20,1,South Africa,runs,130,0,0,0,0,AB de Villiers,20,Scotland,South Africa,Scotland,field,Kennington Oval
175,8.4,KJ Coetzer,J Botha,0,RM Haq,"{'batsman': 0, 'extras': 0, 'total': 0}",0,0.0,0.0,0.0,0,0,0,0,0,0,0,0,Scotland,London,2009-06-07,male,T20,1,South Africa,runs,130,0,0,0,0,AB de Villiers,20,Scotland,South Africa,Scotland,field,Kennington Oval
176,8.5,KJ Coetzer,J Botha,0,RM Haq,"{'batsman': 1, 'extras': 0, 'total': 1}",0,0.0,0.0,0.0,0,0,0,0,0,1,0,1,Scotland,London,2009-06-07,male,T20,1,South Africa,runs,130,0,0,0,0,AB de Villiers,20,Scotland,South Africa,Scotland,field,Kennington Oval
177,8.6,RM Haq,J Botha,0,KJ Coetzer,"{'batsman': 1, 'extras': 0, 'total': 1}",0,0.0,0.0,0.0,0,0,0,0,0,1,0,1,Scotland,London,2009-06-07,male,T20,1,South Africa,runs,130,0,0,0,0,AB de Villiers,20,Scotland,South Africa,Scotland,field,Kennington Oval
178,9.1,RM Haq,RE van der Merwe,0,KJ Coetzer,"{'batsman': 1, 'extras': 0, 'total': 1}",0,0.0,0.0,0.0,0,0,0,0,0,1,0,1,Scotland,London,2009-06-07,male,T20,1,South Africa,runs,130,0,0,0,0,AB de Villiers,20,Scotland,South Africa,Scotland,field,Kennington Oval
179,9.2,KJ Coetzer,RE van der Merwe,0,RM Haq,"{'batsman': 1, 'extras': 0, 'total': 1}",0,0.0,0.0,0.0,0,0,0,0,0,1,0,1,Scotland,London,2009-06-07,male,T20,1,South Africa,runs,130,0,0,0,0,AB de Villiers,20,Scotland,South Africa,Scotland,field,Kennington Oval
180,9.3,RM Haq,RE van der Merwe,0,KJ Coetzer,"{'batsman': 0, 'extras': 0, 'total': 0}",0,0.0,0.0,0.0,0,0,0,0,0,0,0,0,Scotland,London,2009-06-07,male,T20,1,South Africa,runs,130,0,0,0,0,AB de Villiers,20,Scotland,South Africa,Scotland,field,Kennington Oval
181,9.4,RM Haq,RE van der Merwe,0,KJ Coetzer,"{'batsman': 2, 'extras': 0, 'total': 2}",0,0.0,0.0,0.0,0,0,0,0,0,2,0,2,Scotland,London,2009-06-07,male,T20,1,South Africa,runs,130,0,0,0,0,AB de Villiers,20,Scotland,South Africa,Scotland,field,Kennington Oval
182,9.5,RM Haq,RE van der Merwe,0,KJ Coetzer,"{'batsman': 1, 'extras': 0, 'total': 1}",0,0.0,0.0,0.0,0,0,0,0,0,1,0,1,Scotland,London,2009-06-07,male,T20,1,South Africa,runs,130,0,0,0,0,AB de Villiers,20,Scotland,South Africa,Scotland,field,Kennington Oval
183,9.6,KJ Coetzer,RE van der Merwe,0,RM Haq,"{'batsman': 1, 'extras': 0, 'total': 1}",0,0.0,0.0,0.0,0,0,0,0,0,1,0,1,Scotland,London,2009-06-07,male,T20,1,South Africa,runs,130,0,0,0,0,AB de Villiers,20,Scotland,South Africa,Scotland,field,Kennington Oval
184,10.1,KJ Coetzer,J Botha,0,RM Haq,"{'batsman': 1, 'extras': 0, 'total': 1}",0,0.0,0.0,0.0,0,0,0,0,0,1,0,1,Scotland,London,2009-06-07,male,T20,1,South Africa,runs,130,0,0,0,0,AB de Villiers,20,Scotland,South Africa,Scotland,field,Kennington Oval
185,10.2,RM Haq,J Botha,0,KJ Coetzer,"{'batsman': 0, 'extras': 0, 'total': 0}",0,0.0,0.0,0.0,0,0,0,0,0,0,0,0,Scotland,London,2009-06-07,male,T20,1,South Africa,runs,130,0,0,0,0,AB de Villiers,20,Scotland,South Africa,Scotland,field,Kennington Oval
186,10.3,RM Haq,J Botha,0,KJ Coetzer,"{'batsman': 0, 'extras': 0, 'total': 0}",0,0.0,0.0,0.0,0,0,0,0,0,0,0,0,Scotland,London,2009-06-07,male,T20,1,South Africa,runs,130,0,0,0,0,AB de Villiers,20,Scotland,South Africa,Scotland,field,Kennington Oval
187,10.4,RM Haq,J Botha,0,KJ Coetzer,"{'batsman': 1, 'extras': 0, 'total': 1}",0,0.0,0.0,0.0,0,0,0,0,0,1,0,1,Scotland,London,2009-06-07,male,T20,1,South Africa,runs,130,0,0,0,0,AB de Villiers,20,Scotland,South Africa,Scotland,field,Kennington Oval
188,10.5,KJ Coetzer,J Botha,0,RM Haq,"{'batsman': 2, 'extras': 0, 'total': 2}",0,0.0,0.0,0.0,0,0,0,0,0,2,0,2,Scotland,London,2009-06-07,male,T20,1,South Africa,runs,130,0,0,0,0,AB de Villiers,20,Scotland,South Africa,Scotland,field,Kennington Oval
189,10.6,KJ Coetzer,J Botha,0,RM Haq,"{'batsman': 0, 'extras': 0, 'total': 0}",0,0.0,0.0,0.0,0,0,0,0,0,0,0,0,Scotland,London,2009-06-07,male,T20,1,South Africa,runs,130,0,0,0,0,AB de Villiers,20,Scotland,South Africa,Scotland,field,Kennington Oval
190,11.1,RM Haq,RE van der Merwe,0,KJ Coetzer,"{'batsman': 0, 'extras': 0, 'total': 0}",0,0.0,0.0,0.0,0,0,0,0,0,0,0,0,Scotland,London,2009-06-07,male,T20,1,South Africa,runs,130,0,0,0,0,AB de Villiers,20,Scotland,South Africa,Scotland,field,Kennington Oval
191,11.2,RM Haq,RE van der Merwe,0,KJ Coetzer,"{'batsman': 0, 'extras': 0, 'total': 0}",0,0.0,0.0,0.0,0,0,0,0,0,0,0,0,Scotland,London,2009-06-07,male,T20,1,South Africa,runs,130,0,0,0,0,AB de Villiers,20,Scotland,South Africa,Scotland,field,Kennington Oval
192,11.3,RM Haq,RE van der Merwe,0,KJ Coetzer,"{'batsman': 1, 'extras': 0, 'total': 1}",0,0.0,0.0,0.0,0,0,0,0,0,1,0,1,Scotland,London,2009-06-07,male,T20,1,South Africa,runs,130,0,0,0,0,AB de Villiers,20,Scotland,South Africa,Scotland,field,Kennington Oval
193,11.4,KJ Coetzer,RE van der Merwe,0,RM Haq,"{'batsman': 0, 'extras': 0, 'total': 0}",0,0.0,0.0,0.0,0,0,0,0,0,0,0,0,Scotland,London,2009-06-07,male,T20,1,South Africa,runs,130,0,0,0,0,AB de Villiers,20,Scotland,South Africa,Scotland,field,Kennington Oval
194,11.5,KJ Coetzer,RE van der Merwe,0,RM Haq,"{'batsman': 1, 'extras': 0, 'total': 1}",0,0.0,0.0,0.0,0,0,0,0,0,1,0,1,Scotland,London,2009-06-07,male,T20,1,South Africa,runs,130,0,0,0,0,AB de Villiers,20,Scotland,South Africa,Scotland,field,Kennington Oval
195,11.6,RM Haq,RE van der Merwe,0,KJ Coetzer,"{'batsman': 1, 'extras': 0, 'total': 1}",0,0.0,0.0,0.0,0,0,0,0,0,1,0,1,Scotland,London,2009-06-07,male,T20,1,South Africa,runs,130,0,0,0,0,AB de Villiers,20,Scotland,South Africa,Scotland,field,Kennington Oval
196,12.1,RM Haq,J Botha,0,KJ Coetzer,"{'batsman': 2, 'extras': 0, 'total': 2}",0,0.0,0.0,0.0,0,0,0,0,0,2,0,2,Scotland,London,2009-06-07,male,T20,1,South Africa,runs,130,0,0,0,0,AB de Villiers,20,Scotland,South Africa,Scotland,field,Kennington Oval
197,12.2,RM Haq,J Botha,0,KJ Coetzer,"{'batsman': 0, 'extras': 0, 'total': 0}",0,0.0,0.0,0.0,0,0,0,0,0,0,0,0,Scotland,London,2009-06-07,male,T20,1,South Africa,runs,130,0,0,0,0,AB de Villiers,20,Scotland,South Africa,Scotland,field,Kennington Oval
198,12.3,RM Haq,J Botha,0,KJ Coetzer,"{'batsman': 0, 'extras': 0, 'total': 0}",0,0.0,0.0,0.0,0,0,0,0,0,0,0,0,Scotland,London,2009-06-07,male,T20,1,South Africa,runs,130,0,0,0,0,AB de Villiers,20,Scotland,South Africa,Scotland,field,Kennington Oval
199,12.4,RM Haq,J Botha,0,KJ Coetzer,"{'batsman': 2, 'extras': 0, 'total': 2}",0,0.0,0.0,0.0,0,0,0,0,0,2,0,2,Scotland,London,2009-06-07,male,T20,1,South Africa,runs,130,0,0,0,0,AB de Villiers,20,Scotland,South Africa,Scotland,field,Kennington Oval
200,12.5,RM Haq,J Botha,0,KJ Coetzer,"{'batsman': 1, 'extras': 0, 'total': 1}",0,0.0,0.0,0.0,0,0,0,0,0,1,0,1,Scotland,London,2009-06-07,male,T20,1,South Africa,runs,130,0,0,0,0,AB de Villiers,20,Scotland,South Africa,Scotland,field,Kennington Oval
201,12.6,KJ Coetzer,J Botha,{'wides': 1},RM Haq,"{'batsman': 0, 'extras': 1, 'total': 1}",0,1.0,0.0,0.0,0,0,0,0,0,0,1,1,Scotland,London,2009-06-07,male,T20,1,South Africa,runs,130,0,0,0,0,AB de Villiers,20,Scotland,South Africa,Scotland,field,Kennington Oval
202,12.7,KJ Coetzer,J Botha,0,RM Haq,"{'batsman': 1, 'extras': 0, 'total': 1}",0,0.0,0.0,0.0,0,0,0,0,0,1,0,1,Scotland,London,2009-06-07,male,T20,1,South Africa,runs,130,0,0,0,0,AB de Villiers,20,Scotland,South Africa,Scotland,field,Kennington Oval
203,13.1,KJ Coetzer,JA Morkel,0,RM Haq,"{'batsman': 6, 'extras': 0, 'total': 6}",0,0.0,0.0,0.0,0,0,0,0,0,6,0,6,Scotland,London,2009-06-07,male,T20,1,South Africa,runs,130,0,0,0,0,AB de Villiers,20,Scotland,South Africa,Scotland,field,Kennington Oval
204,13.2,KJ Coetzer,JA Morkel,0,RM Haq,"{'batsman': 1, 'extras': 0, 'total': 1}",0,0.0,0.0,0.0,0,0,0,0,0,1,0,1,Scotland,London,2009-06-07,male,T20,1,South Africa,runs,130,0,0,0,0,AB de Villiers,20,Scotland,South Africa,Scotland,field,Kennington Oval
205,13.3,RM Haq,JA Morkel,0,KJ Coetzer,"{'batsman': 1, 'extras': 0, 'total': 1}",0,0.0,0.0,0.0,0,0,0,0,0,1,0,1,Scotland,London,2009-06-07,male,T20,1,South Africa,runs,130,0,0,0,0,AB de Villiers,20,Scotland,South Africa,Scotland,field,Kennington Oval
206,13.4,KJ Coetzer,JA Morkel,0,RM Haq,"{'batsman': 6, 'extras': 0, 'total': 6}",0,0.0,0.0,0.0,0,0,0,0,0,6,0,6,Scotland,London,2009-06-07,male,T20,1,South Africa,runs,130,0,0,0,0,AB de Villiers,20,Scotland,South Africa,Scotland,field,Kennington Oval
207,13.5,KJ Coetzer,JA Morkel,0,RM Haq,"{'batsman': 0, 'extras': 0, 'total': 0}",0,0.0,0.0,0.0,0,0,0,0,0,0,0,0,Scotland,London,2009-06-07,male,T20,1,South Africa,runs,130,0,0,0,0,AB de Villiers,20,Scotland,South Africa,Scotland,field,Kennington Oval
208,13.6,KJ Coetzer,JA Morkel,0,RM Haq,"{'batsman': 1, 'extras': 0, 'total': 1}",0,0.0,0.0,0.0,0,0,0,0,0,1,0,1,Scotland,London,2009-06-07,male,T20,1,South Africa,runs,130,0,0,0,0,AB de Villiers,20,Scotland,South Africa,Scotland,field,Kennington Oval
209,14.1,KJ Coetzer,RE van der Merwe,0,RM Haq,"{'batsman': 0, 'extras': 0, 'total': 0}","{'kind': 'caught and bowled', 'player_out': 'KJ Coetzer'}",0.0,0.0,0.0,0,0,caught and bowled,KJ Coetzer,0,0,0,0,Scotland,London,2009-06-07,male,T20,1,South Africa,runs,130,0,0,0,0,AB de Villiers,20,Scotland,South Africa,Scotland,field,Kennington Oval
210,14.2,RM Haq,RE van der Merwe,0,GD Drummond,"{'batsman': 0, 'extras': 0, 'total': 0}","{'kind': 'bowled', 'player_out': 'RM Haq'}",0.0,0.0,0.0,0,0,bowled,RM Haq,0,0,0,0,Scotland,London,2009-06-07,male,T20,1,South Africa,runs,130,0,0,0,0,AB de Villiers,20,Scotland,South Africa,Scotland,field,Kennington Oval
211,14.3,GA Rogers,RE van der Merwe,0,GD Drummond,"{'batsman': 1, 'extras': 0, 'total': 1}",0,0.0,0.0,0.0,0,0,0,0,0,1,0,1,Scotland,London,2009-06-07,male,T20,1,South Africa,runs,130,0,0,0,0,AB de Villiers,20,Scotland,South Africa,Scotland,field,Kennington Oval
212,14.4,GD Drummond,RE van der Merwe,0,GA Rogers,"{'batsman': 1, 'extras': 0, 'total': 1}",0,0.0,0.0,0.0,0,0,0,0,0,1,0,1,Scotland,London,2009-06-07,male,T20,1,South Africa,runs,130,0,0,0,0,AB de Villiers,20,Scotland,South Africa,Scotland,field,Kennington Oval
213,14.5,GA Rogers,RE van der Merwe,0,GD Drummond,"{'batsman': 0, 'extras': 0, 'total': 0}",0,0.0,0.0,0.0,0,0,0,0,0,0,0,0,Scotland,London,2009-06-07,male,T20,1,South Africa,runs,130,0,0,0,0,AB de Villiers,20,Scotland,South Africa,Scotland,field,Kennington Oval
214,14.6,GA Rogers,RE van der Merwe,0,GD Drummond,"{'batsman': 0, 'extras': 0, 'total': 0}",0,0.0,0.0,0.0,0,0,0,0,0,0,0,0,Scotland,London,2009-06-07,male,T20,1,South Africa,runs,130,0,0,0,0,AB de Villiers,20,Scotland,South Africa,Scotland,field,Kennington Oval
215,15.1,GD Drummond,JA Morkel,0,GA Rogers,"{'batsman': 0, 'extras': 0, 'total': 0}","{'kind': 'bowled', 'player_out': 'GD Drummond'}",0.0,0.0,0.0,0,0,bowled,GD Drummond,0,0,0,0,Scotland,London,2009-06-07,male,T20,1,South Africa,runs,130,0,0,0,0,AB de Villiers,20,Scotland,South Africa,Scotland,field,Kennington Oval
216,15.2,CS MacLeod,JA Morkel,0,GA Rogers,"{'batsman': 0, 'extras': 0, 'total': 0}",0,0.0,0.0,0.0,0,0,0,0,0,0,0,0,Scotland,London,2009-06-07,male,T20,1,South Africa,runs,130,0,0,0,0,AB de Villiers,20,Scotland,South Africa,Scotland,field,Kennington Oval
217,15.3,CS MacLeod,JA Morkel,0,GA Rogers,"{'batsman': 0, 'extras': 0, 'total': 0}",0,0.0,0.0,0.0,0,0,0,0,0,0,0,0,Scotland,London,2009-06-07,male,T20,1,South Africa,runs,130,0,0,0,0,AB de Villiers,20,Scotland,South Africa,Scotland,field,Kennington Oval
218,15.4,CS MacLeod,JA Morkel,0,GA Rogers,"{'batsman': 0, 'extras': 0, 'total': 0}","{'kind': 'bowled', 'player_out': 'CS MacLeod'}",0.0,0.0,0.0,0,0,bowled,CS MacLeod,0,0,0,0,Scotland,London,2009-06-07,male,T20,1,South Africa,runs,130,0,0,0,0,AB de Villiers,20,Scotland,South Africa,Scotland,field,Kennington Oval
